{"RPT":{"ScanTime":"0.03 sec.","ScanFile":"20181220_jdarunning_bd_51628916f38fabb54604_20181220163757_scan.json","Warnings":1,"Success":5},"SRV":{"PHP":{"websrv":true,"openbase":false,"maxtime":false,"mysqli":true,"version":true,"ALL":"Warn"},"WP":{"version":true,"core":true,"ismu":false,"ALL":"Good"}},"ARC":{"Size":"0B","DirCount":"0","FileCount":"0","FullCount":"0","FilterDirsAll":["\/storage\/ssd3\/190\/7932190\/public_html\/wp-content\/ai1wm-backups","\/storage\/ssd3\/190\/7932190\/public_html\/wp-content\/backups-dup-pro","\/storage\/ssd3\/190\/7932190\/public_html\/wp-content\/backupwordpress","\/storage\/ssd3\/190\/7932190\/public_html\/wp-content\/cache","\/storage\/ssd3\/190\/7932190\/public_html\/wp-content\/content\/cache","\/storage\/ssd3\/190\/7932190\/public_html\/wp-content\/contents\/cache","\/storage\/ssd3\/190\/7932190\/public_html\/wp-content\/infinitewp\/backups","\/storage\/ssd3\/190\/7932190\/public_html\/wp-content\/managewp\/backups","\/storage\/ssd3\/190\/7932190\/public_html\/wp-content\/old-cache","\/storage\/ssd3\/190\/7932190\/public_html\/wp-content\/plugins\/all-in-one-wp-migration\/storage","\/storage\/ssd3\/190\/7932190\/public_html\/wp-content\/updraft","\/storage\/ssd3\/190\/7932190\/public_html\/wp-content\/uploads\/aiowps_backups","\/storage\/ssd3\/190\/7932190\/public_html\/wp-content\/uploads\/backupbuddy_backups","\/storage\/ssd3\/190\/7932190\/public_html\/wp-content\/uploads\/backupbuddy_temp","\/storage\/ssd3\/190\/7932190\/public_html\/wp-content\/uploads\/ithemes-security\/backups","\/storage\/ssd3\/190\/7932190\/public_html\/wp-content\/uploads\/mainwp\/backup","\/storage\/ssd3\/190\/7932190\/public_html\/wp-content\/uploads\/pb_backupbuddy","\/storage\/ssd3\/190\/7932190\/public_html\/wp-content\/uploads\/snapshots","\/storage\/ssd3\/190\/7932190\/public_html\/wp-content\/uploads\/sucuri","\/storage\/ssd3\/190\/7932190\/public_html\/wp-content\/uploads\/wp-clone","\/storage\/ssd3\/190\/7932190\/public_html\/wp-content\/uploads\/wp_all_backup","\/storage\/ssd3\/190\/7932190\/public_html\/wp-content\/uploads\/wpbackitup_backups","\/storage\/ssd3\/190\/7932190\/public_html\/wp-content\/wfcache","\/storage\/ssd3\/190\/7932190\/public_html\/wp-content\/wishlist-backup","\/storage\/ssd3\/190\/7932190\/public_html\/wp-snapshots"],"FilterFilesAll":["error_log","error.log","debug_log","ws_ftp.log","dbcache","pgcache","objectcache",".DS_Store","\/storage\/ssd3\/190\/7932190\/public_html\/.htaccess","\/storage\/ssd3\/190\/7932190\/public_html\/web.config","\/storage\/ssd3\/190\/7932190\/public_html\/wp-config.php"],"FilterExtsAll":[],"FilterInfo":{"Dirs":{"Warning":[],"Unreadable":[],"Core":["\/storage\/ssd3\/190\/7932190\/public_html\/wp-snapshots","\/storage\/ssd3\/190\/7932190\/public_html\/wp-content\/backups-dup-pro","\/storage\/ssd3\/190\/7932190\/public_html\/wp-content\/ai1wm-backups","\/storage\/ssd3\/190\/7932190\/public_html\/wp-content\/backupwordpress","\/storage\/ssd3\/190\/7932190\/public_html\/wp-content\/content\/cache","\/storage\/ssd3\/190\/7932190\/public_html\/wp-content\/contents\/cache","\/storage\/ssd3\/190\/7932190\/public_html\/wp-content\/infinitewp\/backups","\/storage\/ssd3\/190\/7932190\/public_html\/wp-content\/managewp\/backups","\/storage\/ssd3\/190\/7932190\/public_html\/wp-content\/old-cache","\/storage\/ssd3\/190\/7932190\/public_html\/wp-content\/plugins\/all-in-one-wp-migration\/storage","\/storage\/ssd3\/190\/7932190\/public_html\/wp-content\/updraft","\/storage\/ssd3\/190\/7932190\/public_html\/wp-content\/wishlist-backup","\/storage\/ssd3\/190\/7932190\/public_html\/wp-content\/wfcache","\/storage\/ssd3\/190\/7932190\/public_html\/wp-content\/cache","\/storage\/ssd3\/190\/7932190\/public_html\/wp-content\/uploads\/aiowps_backups","\/storage\/ssd3\/190\/7932190\/public_html\/wp-content\/uploads\/backupbuddy_temp","\/storage\/ssd3\/190\/7932190\/public_html\/wp-content\/uploads\/backupbuddy_backups","\/storage\/ssd3\/190\/7932190\/public_html\/wp-content\/uploads\/ithemes-security\/backups","\/storage\/ssd3\/190\/7932190\/public_html\/wp-content\/uploads\/mainwp\/backup","\/storage\/ssd3\/190\/7932190\/public_html\/wp-content\/uploads\/pb_backupbuddy","\/storage\/ssd3\/190\/7932190\/public_html\/wp-content\/uploads\/snapshots","\/storage\/ssd3\/190\/7932190\/public_html\/wp-content\/uploads\/sucuri","\/storage\/ssd3\/190\/7932190\/public_html\/wp-content\/uploads\/wp-clone","\/storage\/ssd3\/190\/7932190\/public_html\/wp-content\/uploads\/wp_all_backup","\/storage\/ssd3\/190\/7932190\/public_html\/wp-content\/uploads\/wpbackitup_backups"],"Global":[],"Instance":[]},"Files":{"Size":[],"Warning":[],"Unreadable":[],"Core":[],"Global":["error_log","error.log","debug_log","ws_ftp.log","dbcache","pgcache","objectcache",".DS_Store"],"Instance":[]},"Exts":{"Core":[],"Global":[],"Instance":[]},"UDirCount":0,"UFileCount":0,"UExtCount":0,"TreeSize":[],"TreeWarning":[]},"RecursiveLinks":[],"UnreadableItems":[],"Status":{"Size":"Good","Names":"Good","UnreadableItems":"Good","AddonSites":"Good"},"Dirs":[],"Files":[]},"DB":{"Status":{"Success":true,"DB_Case":"Good","DB_Rows":"Good","DB_Size":"Good","TBL_Case":"Good","TBL_Rows":"Good","TBL_Size":"Good"},"Size":"2.64MB","Rows":"847","TableCount":21,"TableList":{"wp_blc_filters":{"Case":0,"Rows":"0","Size":"16KB","USize":16384},"wp_blc_instances":{"Case":0,"Rows":"10","Size":"64KB","USize":65536},"wp_blc_links":{"Case":0,"Rows":"10","Size":"80KB","USize":81920},"wp_blc_synch":{"Case":0,"Rows":"12","Size":"32KB","USize":32768},"wp_commentmeta":{"Case":0,"Rows":"2","Size":"48KB","USize":49152},"wp_comments":{"Case":0,"Rows":"2","Size":"96KB","USize":98304},"wp_duplicator_packages":{"Case":0,"Rows":"0","Size":"64KB","USize":65536},"wp_links":{"Case":0,"Rows":"0","Size":"32KB","USize":32768},"wp_ms_snippets":{"Case":0,"Rows":"0","Size":"16KB","USize":16384},"wp_options":{"Case":0,"Rows":"197","Size":"1.53MB","USize":1605632},"wp_postmeta":{"Case":0,"Rows":"287","Size":"128KB","USize":131072},"wp_posts":{"Case":0,"Rows":"160","Size":"208KB","USize":212992},"wp_snippets":{"Case":0,"Rows":"4","Size":"16KB","USize":16384},"wp_term_relationships":{"Case":0,"Rows":"44","Size":"32KB","USize":32768},"wp_term_taxonomy":{"Case":0,"Rows":"14","Size":"48KB","USize":49152},"wp_termmeta":{"Case":0,"Rows":"0","Size":"48KB","USize":49152},"wp_terms":{"Case":0,"Rows":"14","Size":"48KB","USize":49152},"wp_usermeta":{"Case":0,"Rows":"32","Size":"48KB","USize":49152},"wp_users":{"Case":0,"Rows":"1","Size":"64KB","USize":65536},"wp_yoast_seo_links":{"Case":0,"Rows":"15","Size":"32KB","USize":32768},"wp_yoast_seo_meta":{"Case":0,"Rows":"43","Size":"16KB","USize":16384}},"RawSize":2768896},"LL":{"TotalSize":"2.64MB","Status":{"TotalSize":"Good"}}}